{
    "6": {
        "6": [
            4.444444444444444,
            4.444444444444444,
            4.444444444444444,
            4.333333333333333,
            4.111111111111112,
            3.7222222222222223,
            3.138888888888889,
            2.3055555555555554,
            1.5833333333333328,
            0.9722222222222213,
            0.4999999999999989,
            0.1666666666666654,
            0.1666666666666654,
            0.1666666666666654,
            0.1666666666666654,
            0.1666666666666654,
            0.1666666666666654,
            0.1666666666666654,
            0.1666666666666654,
            0.1666666666666654,
            0.1666666666666654,
            0.1666666666666654,
            0.1666666666666654,
            0.1666666666666654,
            0.1666666666666654,
            -1.3322676295501878e-15
        ],
        "8": [
            5.208333333333333,
            5.208333333333333,
            5.208333333333333,
            5.125,
            4.958333333333334,
            4.666666666666667,
            4.229166666666667,
            3.6041666666666665,
            2.916666666666667,
            2.145833333333333,
            1.479166666666667,
            0.9166666666666666,
            0.604166666666667,
            0.2916666666666672,
            0.12500000000000022,
            0.12500000000000022,
            0.12500000000000022,
            0.12500000000000022,
            0.12500000000000022,
            0.12500000000000022,
            0.12500000000000022,
            0.12500000000000022,
            0.12500000000000022,
            0.12500000000000022,
            0.12500000000000022,
            0.0
        ],
        "10": [
            6.066666666666666,
            6.066666666666666,
            6.066666666666666,
            6.0,
            5.866666666666666,
            5.633333333333333,
            5.283333333333333,
            4.783333333333333,
            4.233333333333333,
            3.6166666666666667,
            2.933333333333334,
            2.1666666666666674,
            1.600000000000001,
            1.0333333333333345,
            0.5833333333333341,
            0.2666666666666675,
            0.10000000000000031,
            0.10000000000000031,
            0.10000000000000031,
            0.10000000000000031,
            0.10000000000000031,
            0.10000000000000031,
            0.10000000000000031,
            0.10000000000000031,
            0.10000000000000031,
            0.0
        ],
        "12": [
            6.972222222222223,
            6.972222222222223,
            6.972222222222223,
            6.916666666666667,
            6.805555555555555,
            6.611111111111112,
            6.319444444444445,
            5.902777777777778,
            5.444444444444444,
            4.930555555555555,
            4.361111111111111,
            3.722222222222221,
            3.0972222222222214,
            2.3055555555555545,
            1.61111111111111,
            1.0277777777777763,
            0.5694444444444435,
            0.2499999999999991,
            0.08333333333333304,
            0.08333333333333304,
            0.08333333333333304,
            0.08333333333333304,
            0.08333333333333304,
            0.08333333333333304,
            0.08333333333333304,
            0.0
        ]
    },
    "8": {
        "8": [
            5.796875,
            5.796875,
            5.796875,
            5.734375,
            5.609375,
            5.390625,
            5.0625,
            4.59375,
            3.96875,
            3.15625,
            2.421875,
            1.765625,
            1.296875,
            0.828125,
            0.578125,
            0.328125,
            0.328125,
            0.328125,
            0.328125,
            0.328125,
            0.328125,
            0.328125,
            0.328125,
            0.328125,
            0.328125,
            0.0
        ],
        "10": [
            6.5375,
            6.5375,
            6.5375,
            6.487500000000001,
            6.3875,
            6.2124999999999995,
            5.95,
            5.575,
            5.075,
            4.425,
            3.725000000000001,
            2.9625000000000004,
            2.350000000000001,
            1.7375000000000016,
            1.3000000000000012,
            0.8625000000000007,
            0.6250000000000006,
            0.38750000000000034,
            0.2625000000000006,
            0.2625000000000006,
            0.2625000000000006,
            0.2625000000000006,
            0.2625000000000006,
            0.2625000000000006,
            0.2625000000000006,
            7.771561172376096e-16
        ],
        "12": [
            7.364583333333333,
            7.364583333333333,
            7.364583333333333,
            7.322916666666667,
            7.239583333333333,
            7.09375,
            6.875000000000001,
            6.5625,
            6.145833333333333,
            5.604166666666667,
            5.020833333333335,
            4.385416666666667,
            3.760416666666667,
            3.010416666666667,
            2.40625,
            1.8020833333333337,
            1.3645833333333341,
            0.9270833333333345,
            0.5833333333333344,
            0.3437500000000006,
            0.21875000000000078,
            0.21875000000000078,
            0.21875000000000078,
            0.21875000000000078,
            0.21875000000000078,
            7.771561172376096e-16
        ]
    },
    "10": {
        "10": [
            7.14,
            7.14,
            7.14,
            7.1,
            7.02,
            6.880000000000001,
            6.67,
            6.370000000000001,
            5.97,
            5.449999999999999,
            4.799999999999999,
            4.0,
            3.3200000000000003,
            2.6400000000000006,
            2.0999999999999996,
            1.5599999999999992,
            1.179999999999999,
            0.7999999999999988,
            0.5999999999999986,
            0.3999999999999986,
            0.3999999999999986,
            0.3999999999999986,
            0.3999999999999986,
            0.3999999999999986,
            0.3999999999999986,
            -1.7763568394002505e-15
        ],
        "12": [
            7.866666666666667,
            7.866666666666667,
            7.866666666666667,
            7.833333333333333,
            7.766666666666666,
            7.6499999999999995,
            7.475,
            7.225,
            6.8916666666666675,
            6.458333333333333,
            5.916666666666667,
            5.25,
            4.591666666666667,
            3.833333333333333,
            3.191666666666667,
            2.55,
            2.0416666666666665,
            1.5333333333333323,
            1.1749999999999992,
            0.816666666666666,
            0.6249999999999988,
            0.43333333333333174,
            0.33333333333333215,
            0.33333333333333215,
            0.33333333333333215,
            -1.7763568394002505e-15
        ]
    },
    "12": {
        "12": [
            8.479166666666666,
            8.479166666666666,
            8.479166666666666,
            8.45138888888889,
            8.395833333333334,
            8.298611111111112,
            8.152777777777779,
            7.944444444444444,
            7.666666666666667,
            7.305555555555555,
            6.854166666666666,
            6.29861111111111,
            5.673611111111109,
            4.881944444444444,
            4.187499999999999,
            3.4930555555555554,
            2.909722222222221,
            2.326388888888888,
            1.868055555555555,
            1.4097222222222219,
            1.0902777777777775,
            0.7708333333333329,
            0.6041666666666666,
            0.43750000000000044,
            0.43750000000000044,
            0.0
        ]
    }
}