{
    "6": {
        "6": [
            0.9722222222222222,
            0.9722222222222222,
            0.9722222222222222,
            0.9166666666666666,
            0.8333333333333334,
            0.7222222222222222,
            0.5833333333333333,
            0.41666666666666663,
            0.2777777777777777,
            0.16666666666666652,
            0.08333333333333315,
            0.027777777777777568,
            0.027777777777777568,
            0.027777777777777568,
            0.027777777777777568,
            0.027777777777777568,
            0.027777777777777568,
            0.027777777777777568,
            0.027777777777777568,
            0.027777777777777568,
            0.027777777777777568,
            0.027777777777777568,
            0.027777777777777568,
            0.027777777777777568,
            0.027777777777777568,
            -2.220446049250313e-16
        ],
        "8": [
            0.9791666666666666,
            0.9791666666666666,
            0.9791666666666666,
            0.9375,
            0.875,
            0.7916666666666667,
            0.6875,
            0.5625,
            0.4375,
            0.3125,
            0.20833333333333337,
            0.125,
            0.08333333333333337,
            0.04166666666666674,
            0.02083333333333337,
            0.02083333333333337,
            0.02083333333333337,
            0.02083333333333337,
            0.02083333333333337,
            0.02083333333333337,
            0.02083333333333337,
            0.02083333333333337,
            0.02083333333333337,
            0.02083333333333337,
            0.02083333333333337,
            0.0
        ],
        "10": [
            0.9833333333333333,
            0.9833333333333333,
            0.9833333333333333,
            0.95,
            0.9,
            0.8333333333333333,
            0.75,
            0.65,
            0.55,
            0.45000000000000007,
            0.3500000000000001,
            0.2500000000000001,
            0.18333333333333346,
            0.11666666666666681,
            0.06666666666666676,
            0.03333333333333344,
            0.01666666666666672,
            0.01666666666666672,
            0.01666666666666672,
            0.01666666666666672,
            0.01666666666666672,
            0.01666666666666672,
            0.01666666666666672,
            0.01666666666666672,
            0.01666666666666672,
            0.0
        ],
        "12": [
            0.9861111111111112,
            0.9861111111111112,
            0.9861111111111112,
            0.9583333333333334,
            0.9166666666666666,
            0.8611111111111112,
            0.7916666666666666,
            0.7083333333333333,
            0.625,
            0.5416666666666666,
            0.45833333333333326,
            0.3749999999999999,
            0.30555555555555547,
            0.2222222222222221,
            0.15277777777777768,
            0.0972222222222221,
            0.05555555555555547,
            0.02777777777777768,
            0.01388888888888884,
            0.01388888888888884,
            0.01388888888888884,
            0.01388888888888884,
            0.01388888888888884,
            0.01388888888888884,
            0.01388888888888884,
            0.0
        ]
    },
    "8": {
        "8": [
            0.984375,
            0.984375,
            0.984375,
            0.953125,
            0.90625,
            0.84375,
            0.765625,
            0.671875,
            0.5625,
            0.4375,
            0.328125,
            0.234375,
            0.171875,
            0.109375,
            0.078125,
            0.046875,
            0.046875,
            0.046875,
            0.046875,
            0.046875,
            0.046875,
            0.046875,
            0.046875,
            0.046875,
            0.046875,
            0.0
        ],
        "10": [
            0.9875,
            0.9875,
            0.9875,
            0.9625,
            0.925,
            0.875,
            0.8125,
            0.7375,
            0.65,
            0.55,
            0.45000000000000007,
            0.3500000000000001,
            0.27500000000000013,
            0.20000000000000018,
            0.15000000000000013,
            0.10000000000000009,
            0.07500000000000007,
            0.050000000000000044,
            0.03750000000000009,
            0.03750000000000009,
            0.03750000000000009,
            0.03750000000000009,
            0.03750000000000009,
            0.03750000000000009,
            0.03750000000000009,
            1.1102230246251565e-16
        ],
        "12": [
            0.9895833333333334,
            0.9895833333333334,
            0.9895833333333334,
            0.96875,
            0.9375,
            0.8958333333333334,
            0.84375,
            0.78125,
            0.7083333333333334,
            0.625,
            0.5416666666666667,
            0.45833333333333337,
            0.38541666666666674,
            0.30208333333333337,
            0.23958333333333337,
            0.17708333333333337,
            0.13541666666666674,
            0.09375000000000011,
            0.06250000000000011,
            0.04166666666666674,
            0.03125000000000011,
            0.03125000000000011,
            0.03125000000000011,
            0.03125000000000011,
            0.03125000000000011,
            1.1102230246251565e-16
        ]
    },
    "10": {
        "10": [
            0.99,
            0.99,
            0.99,
            0.97,
            0.94,
            0.9,
            0.85,
            0.79,
            0.72,
            0.6399999999999999,
            0.5499999999999999,
            0.44999999999999996,
            0.37,
            0.29000000000000004,
            0.22999999999999998,
            0.16999999999999993,
            0.1299999999999999,
            0.08999999999999986,
            0.06999999999999984,
            0.04999999999999982,
            0.04999999999999982,
            0.04999999999999982,
            0.04999999999999982,
            0.04999999999999982,
            0.04999999999999982,
            -2.220446049250313e-16
        ],
        "12": [
            0.9916666666666667,
            0.9916666666666667,
            0.9916666666666667,
            0.975,
            0.95,
            0.9166666666666666,
            0.875,
            0.825,
            0.7666666666666667,
            0.7,
            0.625,
            0.5416666666666667,
            0.4666666666666667,
            0.3833333333333333,
            0.31666666666666665,
            0.25,
            0.19999999999999996,
            0.1499999999999999,
            0.11666666666666659,
            0.08333333333333326,
            0.06666666666666654,
            0.04999999999999982,
            0.04166666666666652,
            0.04166666666666652,
            0.04166666666666652,
            -2.220446049250313e-16
        ]
    },
    "12": {
        "12": [
            0.9930555555555556,
            0.9930555555555556,
            0.9930555555555556,
            0.9791666666666666,
            0.9583333333333334,
            0.9305555555555556,
            0.8958333333333334,
            0.8541666666666666,
            0.8055555555555556,
            0.75,
            0.6875,
            0.6180555555555555,
            0.5486111111111109,
            0.4652777777777777,
            0.39583333333333326,
            0.32638888888888884,
            0.27083333333333326,
            0.21527777777777768,
            0.17361111111111105,
            0.13194444444444442,
            0.10416666666666663,
            0.07638888888888884,
            0.0625,
            0.04861111111111116,
            0.04861111111111116,
            0.0
        ]
    }
}