{
    "6": {
        "6": [
            0.027777777777777776,
            0,
            0,
            0.05555555555555555,
            0.08333333333333333,
            0.1111111111111111,
            0.1388888888888889,
            0.16666666666666669,
            0.1388888888888889,
            0.1111111111111111,
            0.08333333333333333,
            0.05555555555555555,
            0,
            0,
            0,
            0,
            0,
            0,
            0,
            0,
            0,
            0,
            0,
            0,
            0,
            0.027777777777777776
        ],
        "8": [
            0.020833333333333332,
            0,
            0,
            0.041666666666666664,
            0.0625,
            0.08333333333333333,
            0.10416666666666666,
            0.12499999999999999,
            0.12499999999999999,
            0.12499999999999999,
            0.10416666666666666,
            0.08333333333333333,
            0.041666666666666664,
            0.041666666666666664,
            0.020833333333333332,
            0,
            0,
            0,
            0,
            0,
            0,
            0,
            0,
            0,
            0,
            0.020833333333333332
        ],
        "10": [
            0.016666666666666666,
            0,
            0,
            0.03333333333333333,
            0.05,
            0.06666666666666667,
            0.08333333333333333,
            0.09999999999999999,
            0.09999999999999999,
            0.09999999999999999,
            0.09999999999999999,
            0.09999999999999999,
            0.06666666666666667,
            0.06666666666666667,
            0.05,
            0.03333333333333333,
            0.016666666666666666,
            0,
            0,
            0,
            0,
            0,
            0,
            0,
            0,
            0.016666666666666666
        ],
        "12": [
            0.013888888888888888,
            0,
            0,
            0.027777777777777776,
            0.041666666666666664,
            0.05555555555555555,
            0.06944444444444445,
            0.08333333333333334,
            0.08333333333333334,
            0.08333333333333334,
            0.08333333333333334,
            0.08333333333333334,
            0.06944444444444445,
            0.08333333333333334,
            0.06944444444444445,
            0.05555555555555555,
            0.041666666666666664,
            0.027777777777777776,
            0.013888888888888888,
            0,
            0,
            0,
            0,
            0,
            0,
            0.013888888888888888
        ]
    },
    "8": {
        "8": [
            0.015625,
            0,
            0,
            0.03125,
            0.046875,
            0.0625,
            0.078125,
            0.09375,
            0.109375,
            0.125,
            0.109375,
            0.09375,
            0.0625,
            0.0625,
            0.03125,
            0.03125,
            0,
            0,
            0,
            0,
            0,
            0,
            0,
            0,
            0,
            0.046875
        ],
        "10": [
            0.0125,
            0,
            0,
            0.025,
            0.037500000000000006,
            0.05,
            0.0625,
            0.075,
            0.0875,
            0.09999999999999999,
            0.09999999999999999,
            0.09999999999999999,
            0.075,
            0.075,
            0.05,
            0.05,
            0.025,
            0.025,
            0.0125,
            0,
            0,
            0,
            0,
            0,
            0,
            0.037500000000000006
        ],
        "12": [
            0.010416666666666666,
            0,
            0,
            0.020833333333333332,
            0.03125,
            0.041666666666666664,
            0.05208333333333333,
            0.06249999999999999,
            0.07291666666666666,
            0.08333333333333333,
            0.08333333333333333,
            0.08333333333333333,
            0.07291666666666666,
            0.08333333333333333,
            0.06249999999999999,
            0.06249999999999999,
            0.041666666666666664,
            0.041666666666666664,
            0.03125,
            0.020833333333333332,
            0.010416666666666666,
            0,
            0,
            0,
            0,
            0.03125
        ]
    },
    "10": {
        "10": [
            0.01,
            0,
            0,
            0.02,
            0.03,
            0.04,
            0.05,
            0.060000000000000005,
            0.07,
            0.08,
            0.09,
            0.09999999999999999,
            0.08,
            0.08,
            0.060000000000000005,
            0.060000000000000005,
            0.04,
            0.04,
            0.02,
            0.02,
            0,
            0,
            0,
            0,
            0,
            0.05
        ],
        "12": [
            0.008333333333333333,
            0,
            0,
            0.016666666666666666,
            0.025,
            0.03333333333333333,
            0.041666666666666664,
            0.049999999999999996,
            0.05833333333333333,
            0.06666666666666667,
            0.075,
            0.08333333333333333,
            0.075,
            0.08333333333333333,
            0.06666666666666667,
            0.06666666666666667,
            0.049999999999999996,
            0.049999999999999996,
            0.03333333333333333,
            0.03333333333333333,
            0.016666666666666666,
            0.016666666666666666,
            0.008333333333333333,
            0,
            0,
            0.041666666666666664
        ]
    },
    "12": {
        "12": [
            0.006944444444444444,
            0,
            0,
            0.013888888888888888,
            0.020833333333333332,
            0.027777777777777776,
            0.034722222222222224,
            0.04166666666666667,
            0.04861111111111112,
            0.055555555555555566,
            0.06250000000000001,
            0.06944444444444446,
            0.06944444444444446,
            0.08333333333333336,
            0.06944444444444446,
            0.06944444444444446,
            0.055555555555555566,
            0.055555555555555566,
            0.04166666666666667,
            0.04166666666666667,
            0.027777777777777776,
            0.027777777777777776,
            0.013888888888888888,
            0.013888888888888888,
            0,
            0.04861111111111112
        ]
    }
}