{
    "6": {
        "6": [
            4.571428571428571,
            4.444444444444444,
            4.444444444444444,
            4.595959595959596,
            4.522222222222222,
            4.294871794871796,
            3.8862433862433865,
            3.2277777777777774,
            2.375,
            1.6203703703703698,
            0.9999999999999991,
            0.4999999999999989,
            0.1666666666666654,
            0.1666666666666654,
            0.1666666666666654,
            0.1666666666666654,
            0.1666666666666654,
            0.1666666666666654,
            0.1666666666666654,
            0.1666666666666654,
            0.1666666666666654,
            0.1666666666666654,
            0.1666666666666654,
            0.1666666666666654,
            0.1666666666666654,
            0.1666666666666654
        ],
        "8": [
            5.319148936170213,
            5.208333333333333,
            5.208333333333333,
            5.352777777777778,
            5.3125,
            5.157894736842105,
            4.869949494949496,
            4.405092592592593,
            3.75,
            3.0041666666666664,
            2.21875,
            1.527777777777778,
            0.90625,
            0.5833333333333336,
            0.25000000000000044,
            0.12500000000000022,
            0.12500000000000022,
            0.12500000000000022,
            0.12500000000000022,
            0.12500000000000022,
            0.12500000000000022,
            0.12500000000000022,
            0.12500000000000022,
            0.12500000000000022,
            0.12500000000000022,
            0.12500000000000022
        ],
        "10": [
            6.169491525423729,
            6.066666666666666,
            6.066666666666666,
            6.2105263157894735,
            6.192592592592592,
            6.084,
            5.870370370370369,
            5.519230769230769,
            5.003030303030303,
            4.42037037037037,
            3.7714285714285722,
            3.033333333333334,
            2.1818181818181825,
            1.623809523809525,
            1.0208333333333346,
            0.5333333333333341,
            0.20000000000000062,
            0.10000000000000031,
            0.10000000000000031,
            0.10000000000000031,
            0.10000000000000031,
            0.10000000000000031,
            0.10000000000000031,
            0.10000000000000031,
            0.10000000000000031,
            0.10000000000000031
        ],
        "12": [
            7.070422535211268,
            6.972222222222223,
            6.972222222222223,
            7.117149758454107,
            7.11489898989899,
            7.037634408602151,
            6.873781676413256,
            6.597222222222222,
            6.170370370370369,
            5.689102564102564,
            5.154040404040404,
            4.549382716049382,
            3.8011363636363624,
            3.170138888888888,
            2.343434343434342,
            1.615079365079364,
            0.9965277777777766,
            0.4999999999999992,
            0.16666666666666607,
            0.08333333333333304,
            0.08333333333333304,
            0.08333333333333304,
            0.08333333333333304,
            0.08333333333333304,
            0.08333333333333304,
            0.08333333333333304
        ]
    },
    "8": {
        "8": [
            5.888888888888889,
            5.796875,
            5.796875,
            5.922387295081967,
            5.899515086206896,
            5.789930555555556,
            5.579081632653061,
            5.234738372093023,
            4.740451388888888,
            4.058035714285714,
            3.229166666666667,
            2.471875,
            1.7684659090909092,
            1.3013392857142856,
            0.8093750000000001,
            0.546875,
            0.328125,
            0.328125,
            0.328125,
            0.328125,
            0.328125,
            0.328125,
            0.328125,
            0.328125,
            0.328125,
            0.328125
        ],
        "10": [
            6.620253164556962,
            6.5375,
            6.5375,
            6.656006493506494,
            6.646452702702702,
            6.5675,
            6.407692307692307,
            6.141949152542373,
            5.758173076923077,
            5.2295454545454545,
            4.552777777777779,
            3.8089285714285714,
            2.9909090909090916,
            2.389062500000001,
            1.7333333333333347,
            1.293750000000001,
            0.8333333333333341,
            0.5812500000000005,
            0.3500000000000003,
            0.2625000000000006,
            0.2625000000000006,
            0.2625000000000006,
            0.2625000000000006,
            0.2625000000000006,
            0.2625000000000006,
            0.2625000000000006
        ],
        "12": [
            7.442105263157894,
            7.364583333333333,
            7.364583333333333,
            7.480398745519714,
            7.480902777777778,
            7.423691860465116,
            7.299382716049384,
            7.0875,
            6.778492647058823,
            6.35138888888889,
            5.793269230769232,
            5.182765151515152,
            4.471846846846847,
            3.8408764367816097,
            3.033967391304348,
            2.4381127450980395,
            1.7844551282051286,
            1.3391203703703711,
            0.8750000000000011,
            0.5156250000000009,
            0.2916666666666672,
            0.21875000000000078,
            0.21875000000000078,
            0.21875000000000078,
            0.21875000000000078,
            0.21875000000000078
        ]
    },
    "10": {
        "10": [
            7.212121212121212,
            7.14,
            7.14,
            7.24639175257732,
            7.2440425531914885,
            7.185777777777778,
            7.062352941176471,
            6.85379746835443,
            6.550416666666666,
            6.13125,
            5.585454545454544,
            4.888888888888888,
            4.037837837837838,
            3.3682758620689657,
            2.6478260869565218,
            2.1105882352941174,
            1.5430769230769223,
            1.1555555555555546,
            0.7714285714285702,
            0.5599999999999987,
            0.3999999999999986,
            0.3999999999999986,
            0.3999999999999986,
            0.3999999999999986,
            0.3999999999999986,
            0.3999999999999986
        ],
        "12": [
            7.932773109243698,
            7.866666666666667,
            7.866666666666667,
            7.967236467236467,
            7.971052631578947,
            7.928181818181818,
            7.830952380952381,
            7.662878787878788,
            7.4160326086956525,
            7.073412698412699,
            6.626666666666666,
            6.0576923076923075,
            5.329613095238096,
            4.666666666666667,
            3.86359649122807,
            3.2299999999999995,
            2.5520833333333335,
            2.044444444444444,
            1.5107142857142848,
            1.1433333333333326,
            0.7812499999999993,
            0.5777777777777766,
            0.3999999999999986,
            0.33333333333333215,
            0.33333333333333215,
            0.33333333333333215
        ]
    },