{
    "6": {
        "6": [
            4.571428571428571,
            4.571428571428571,
            4.571428571428571,
            4.571428571428571,
            4.7272727272727275,
            4.933333333333334,
            5.153846153846154,
            5.380952380952381,
            5.533333333333333,
            5.7,
            5.833333333333333,
            6.0,
            6.0,
            6.0,
            6.0,
            6.0,
            6.0,
            6.0,
            6.0,
            6.0,
            6.0,
            6.0,
            6.0,
            6.0,
            6.0,
            6.0
        ],
        "8": [
            5.319148936170213,
            5.319148936170213,
            5.319148936170213,
            5.319148936170213,
            5.466666666666667,
            5.666666666666667,
            5.894736842105263,
            6.151515151515151,
            6.407407407407407,
            6.666666666666667,
            6.866666666666666,
            7.1,
            7.333333333333333,
            7.25,
            7.0,
            6.0,
            6.0,
            6.0,
            6.0,
            6.0,
            6.0,
            6.0,
            6.0,
            6.0,
            6.0,
            6.0
        ],
        "10": [
            6.169491525423729,
            6.169491525423729,
            6.169491525423729,
            6.169491525423729,
            6.315789473684211,
            6.518518518518518,
            6.76,
            7.044444444444444,
            7.358974358974359,
            7.696969696969697,
            8.037037037037036,
            8.380952380952381,
            8.666666666666666,
            8.727272727272727,
            8.857142857142858,
            8.75,
            8.0,
            6.0,
            6.0,
            6.0,
            6.0,
            6.0,
            6.0,
            6.0,
            6.0,
            6.0
        ],
        "12": [
            7.070422535211268,
            7.070422535211268,
            7.070422535211268,
            7.070422535211268,
            7.217391304347826,
            7.424242424242424,
            7.67741935483871,
            7.982456140350878,
            8.333333333333334,
            8.71111111111111,
            9.102564102564102,
            9.515151515151516,
            9.925925925925926,
            10.136363636363637,
            10.375,
            10.545454545454545,
            10.571428571428571,
            10.25,
            9.0,
            6.0,
            6.0,
            6.0,
            6.0,
            6.0,
            6.0,
            6.0
        ]
    },
    "8": {
        "8": [
            5.888888888888889,
            5.888888888888889,
            5.888888888888889,
            5.888888888888889,
            6.016393442622951,
            6.189655172413793,
            6.388888888888889,
            6.612244897959184,
            6.837209302325581,
            7.055555555555555,
            7.214285714285714,
            7.380952380952381,
            7.533333333333333,
            7.545454545454546,
            7.571428571428571,
            7.4,
            7.0,
            7.0,
            7.0,
            7.0,
            7.0,
            7.0,
            7.0,
            7.0,
            7.0,
            7.0
        ],
        "10": [
            6.620253164556962,
            6.620253164556962,
            6.620253164556962,
            6.620253164556962,
            6.740259740259741,
            6.905405405405405,
            7.1,
            7.323076923076923,
            7.559322033898305,
            7.8076923076923075,
            8.045454545454545,
            8.277777777777779,
            8.464285714285714,
            8.545454545454545,
            8.6875,
            8.666666666666666,
            8.625,
            8.333333333333334,
            7.75,
            7.0,
            7.0,
            7.0,
            7.0,
            7.0,
            7.0,
            7.0
        ],
        "12": [
            7.442105263157894,
            7.442105263157894,
            7.442105263157894,
            7.442105263157894,
            7.559139784946237,
            7.722222222222222,
            7.9186046511627906,
            8.148148148148149,
            8.4,
            8.676470588235293,
            8.966666666666667,
            9.26923076923077,
            9.568181818181818,
            9.756756756756756,
            9.96551724137931,
            10.043478260869565,
            10.176470588235293,
            10.076923076923077,
            9.88888888888889,
            9.333333333333334,
            8.25,
            7.0,
            7.0,
            7.0,
            7.0,
            7.0
        ]
    },
    "10": {
        "10": [
            7.212121212121212,
            7.212121212121212,
            7.212121212121212,
            7.212121212121212,
            7.319587628865979,
            7.468085106382978,
            7.644444444444445,
            7.847058823529411,
            8.063291139240507,
            8.291666666666666,
            8.515625,
            8.727272727272727,
            8.88888888888889,
            8.972972972972974,
            9.10344827586207,
            9.130434782608695,
            9.176470588235293,
            9.076923076923077,
            8.88888888888889,
            8.571428571428571,
            8.0,
            8.0,
            8.0,
            8.0,
            8.0,
            8.0
        ],
        "12": [
            7.932773109243698,
            7.932773109243698,
            7.932773109243698,
            7.932773109243698,
            8.034188034188034,
            8.175438596491228,
            8.345454545454546,
            8.542857142857143,
            8.757575757575758,
            8.98913043478261,
            9.226190476190476,
            9.466666666666667,
            9.692307692307692,
            9.839285714285714,
            10.0,
            10.078947368421053,
            10.2,
            10.208333333333334,
            10.222222222222221,
            10.071428571428571,
            9.8,
            9.375,
            8.666666666666666,
            8.0,
            8.0,
            8.0
        ]
    },
    "12": {
        "12": [
            8.538461538461538,
            8.538461538461538,
            8.538461538461538,
            8.538461538461538,
            8.631205673758865,
            8.76086956521739,
            8.917910447761194,
            9.10077519379845,
            9.300813008130081,
            9.517241379310345,
            9.74074074074074,
            9.969696969696969,
            10.191011235955056,
            10.341772151898734,
            10.492537313432836,
            10.578947368421053,
            10.702127659574469,
            10.743589743589743,
            10.806451612903226,
            10.76,
            10.68421052631579,
            10.466666666666667,
            10.090909090909092,
            9.666666666666666,
            9.0,
            9.0
        ]
    }
}